[
  {
    "id":1,
    "name": "OK",
    "tagline": "ok1234"
  },
  {
    "id":2,
    "name": "OK1",
    "tagline": "ok1234"
  },
  {
    "id":3,
    "name": "OK2",
    "tagline": "ok1234"
  },
  {
    "id":4,
    "name": "OK3",
    "tagline": "ok1234"
  },
  {
    "id":5,
    "name": "OK4",
    "tagline": "ok1234"
  },
  {
    "id":6,
    "name": "OK5",
    "tagline": "ok1234"
  },
  {
    "id":7,
    "name": "OK6",
    "tagline": "ok1234"
  },
  {
    "id":8,
    "name": "OK7",
    "tagline": "ok1234"
  },
  {
    "id":9,
    "name": "OK8",
    "tagline": "ok1234"
  },
  {
    "id":10,
    "name": "OK9",
    "tagline": "ok1234"
  }
]
